file,line,type,commit,author,date,time,timezone,datetime,depth,length
style.css,1,css,e4a6eae3,seashello,2025-01-09,23:45:07,-08:00,2025-01-09T23:45:07-08:00,0,5
style.css,2,css,9bd0a9aa,seashello,2025-02-07,02:15:54,-08:00,2025-02-07T02:15:54-08:00,0,44
style.css,3,css,e4a6eae3,seashello,2025-01-09,23:45:07,-08:00,2025-01-09T23:45:07-08:00,0,43
style.css,4,css,e4a6eae3,seashello,2025-01-09,23:45:07,-08:00,2025-01-09T23:45:07-08:00,0,1
style.css,5,css,9bd0a9aa,seashello,2025-02-07,02:15:54,-08:00,2025-02-07T02:15:54-08:00,0,24
style.css,6,css,9bd0a9aa,seashello,2025-02-07,02:15:54,-08:00,2025-02-07T02:15:54-08:00,0,16
style.css,7,css,9bd0a9aa,seashello,2025-02-07,02:15:54,-08:00,2025-02-07T02:15:54-08:00,0,19
style.css,8,css,9bd0a9aa,seashello,2025-02-07,02:15:54,-08:00,2025-02-07T02:15:54-08:00,0,17
style.css,9,css,9bd0a9aa,seashello,2025-02-07,02:15:54,-08:00,2025-02-07T02:15:54-08:00,0,18
style.css,10,css,9bd0a9aa,seashello,2025-02-07,02:15:54,-08:00,2025-02-07T02:15:54-08:00,0,16
style.css,11,css,9bd0a9aa,seashello,2025-02-07,02:15:54,-08:00,2025-02-07T02:15:54-08:00,0,19
style.css,12,css,9bd0a9aa,seashello,2025-02-07,02:15:54,-08:00,2025-02-07T02:15:54-08:00,0,0
style.css,13,css,c32b0733,seashello,2025-01-17,02:32:13,-08:00,2025-01-17T02:32:13-08:00,0,4
style.css,14,css,12157668,seashello,2025-01-24,11:09:07,-08:00,2025-01-24T11:09:07-08:00,0,46
style.css,15,css,c32b0733,seashello,2025-01-17,02:32:13,-08:00,2025-01-17T02:32:13-08:00,0,18
style.css,16,css,c32b0733,seashello,2025-01-17,02:32:13,-08:00,2025-01-17T02:32:13-08:00,0,24
style.css,17,css,c32b0733,seashello,2025-01-17,02:32:13,-08:00,2025-01-17T02:32:13-08:00,0,26
style.css,18,css,12157668,seashello,2025-01-24,11:09:07,-08:00,2025-01-24T11:09:07-08:00,0,38
style.css,19,css,c32b0733,seashello,2025-01-17,02:32:13,-08:00,2025-01-17T02:32:13-08:00,0,20
style.css,20,css,c32b0733,seashello,2025-01-17,02:32:13,-08:00,2025-01-17T02:32:13-08:00,0,22
style.css,21,css,c32b0733,seashello,2025-01-17,02:32:13,-08:00,2025-01-17T02:32:13-08:00,0,18
style.css,22,css,c32b0733,seashello,2025-01-17,02:32:13,-08:00,2025-01-17T02:32:13-08:00,0,2
style.css,23,css,c32b0733,seashello,2025-01-17,02:32:13,-08:00,2025-01-17T02:32:13-08:00,0,21
style.css,24,css,c32b0733,seashello,2025-01-17,02:32:13,-08:00,2025-01-17T02:32:13-08:00,0,14
style.css,25,css,c32b0733,seashello,2025-01-17,02:32:13,-08:00,2025-01-17T02:32:13-08:00,0,12
style.css,26,css,c32b0733,seashello,2025-01-17,02:32:13,-08:00,2025-01-17T02:32:13-08:00,0,0
style.css,27,css,9bd0a9aa,seashello,2025-02-07,02:15:54,-08:00,2025-02-07T02:15:54-08:00,0,8
style.css,28,css,9bd0a9aa,seashello,2025-02-07,02:15:54,-08:00,2025-02-07T02:15:54-08:00,0,20
style.css,29,css,e4c46546,seashello,2025-01-24,19:20:42,-08:00,2025-01-24T19:20:42-08:00,0,60
style.css,30,css,f9a6e2f7,seashello,2025-01-24,11:18:56,-08:00,2025-01-24T11:18:56-08:00,0,33
style.css,31,css,c32b0733,seashello,2025-01-17,02:32:13,-08:00,2025-01-17T02:32:13-08:00,0,34
style.css,32,css,c32b0733,seashello,2025-01-17,02:32:13,-08:00,2025-01-17T02:32:13-08:00,0,20
style.css,33,css,c32b0733,seashello,2025-01-17,02:32:13,-08:00,2025-01-17T02:32:13-08:00,0,26
style.css,34,css,e4c46546,seashello,2025-01-24,19:20:42,-08:00,2025-01-24T19:20:42-08:00,0,22
style.css,35,css,c32b0733,seashello,2025-01-17,02:32:13,-08:00,2025-01-17T02:32:13-08:00,0,18
style.css,36,css,c32b0733,seashello,2025-01-17,02:32:13,-08:00,2025-01-17T02:32:13-08:00,0,0
style.css,37,css,c32b0733,seashello,2025-01-17,02:32:13,-08:00,2025-01-17T02:32:13-08:00,0,0
style.css,38,css,c32b0733,seashello,2025-01-17,02:32:13,-08:00,2025-01-17T02:32:13-08:00,0,8
style.css,39,css,c32b0733,seashello,2025-01-17,02:32:13,-08:00,2025-01-17T02:32:13-08:00,0,14
style.css,40,css,c32b0733,seashello,2025-01-17,02:32:13,-08:00,2025-01-17T02:32:13-08:00,0,17
style.css,41,css,c32b0733,seashello,2025-01-17,02:32:13,-08:00,2025-01-17T02:32:13-08:00,0,18
style.css,42,css,c32b0733,seashello,2025-01-17,02:32:13,-08:00,2025-01-17T02:32:13-08:00,0,10
style.css,43,css,c32b0733,seashello,2025-01-17,02:32:13,-08:00,2025-01-17T02:32:13-08:00,0,0
style.css,44,css,32b9af79,seashello,2025-01-23,16:19:46,-08:00,2025-01-23T16:19:46-08:00,0,9
style.css,45,css,c32b0733,seashello,2025-01-17,02:32:13,-08:00,2025-01-17T02:32:13-08:00,0,32
style.css,46,css,c32b0733,seashello,2025-01-17,02:32:13,-08:00,2025-01-17T02:32:13-08:00,0,17
style.css,47,css,c32b0733,seashello,2025-01-17,02:32:13,-08:00,2025-01-17T02:32:13-08:00,0,20
style.css,48,css,9bd0a9aa,seashello,2025-02-07,02:15:54,-08:00,2025-02-07T02:15:54-08:00,0,21
style.css,49,css,c32b0733,seashello,2025-01-17,02:32:13,-08:00,2025-01-17T02:32:13-08:00,0,18
style.css,50,css,c32b0733,seashello,2025-01-17,02:32:13,-08:00,2025-01-17T02:32:13-08:00,0,19
style.css,51,css,c32b0733,seashello,2025-01-17,02:32:13,-08:00,2025-01-17T02:32:13-08:00,0,0
style.css,52,css,9bd0a9aa,seashello,2025-02-07,02:15:54,-08:00,2025-02-07T02:15:54-08:00,0,6
style.css,53,css,c32b0733,seashello,2025-01-17,02:32:13,-08:00,2025-01-17T02:32:13-08:00,0,23
style.css,54,css,3523d3e1,seashello,2025-01-24,10:35:28,-08:00,2025-01-24T10:35:28-08:00,0,40
style.css,55,css,c32b0733,seashello,2025-01-17,02:32:13,-08:00,2025-01-17T02:32:13-08:00,0,0
style.css,56,css,c32b0733,seashello,2025-01-17,02:32:13,-08:00,2025-01-17T02:32:13-08:00,0,5
style.css,57,css,9bd0a9aa,seashello,2025-02-07,02:15:54,-08:00,2025-02-07T02:15:54-08:00,0,6
style.css,58,css,9bd0a9aa,seashello,2025-02-07,02:15:54,-08:00,2025-02-07T02:15:54-08:00,0,17
style.css,59,css,c32b0733,seashello,2025-01-17,02:32:13,-08:00,2025-01-17T02:32:13-08:00,0,10
style.css,60,css,9bd0a9aa,seashello,2025-02-07,02:15:54,-08:00,2025-02-07T02:15:54-08:00,0,13
style.css,61,css,c32b0733,seashello,2025-01-17,02:32:13,-08:00,2025-01-17T02:32:13-08:00,0,16
style.css,62,css,c32b0733,seashello,2025-01-17,02:32:13,-08:00,2025-01-17T02:32:13-08:00,0,0
style.css,63,css,c32b0733,seashello,2025-01-17,02:32:13,-08:00,2025-01-17T02:32:13-08:00,0,30
style.css,64,css,c32b0733,seashello,2025-01-17,02:32:13,-08:00,2025-01-17T02:32:13-08:00,0,19
style.css,65,css,c32b0733,seashello,2025-01-17,02:32:13,-08:00,2025-01-17T02:32:13-08:00,0,0
style.css,66,css,c32b0733,seashello,2025-01-17,02:32:13,-08:00,2025-01-17T02:32:13-08:00,0,10
style.css,67,css,c32b0733,seashello,2025-01-17,02:32:13,-08:00,2025-01-17T02:32:13-08:00,0,8
style.css,68,css,c32b0733,seashello,2025-01-17,02:32:13,-08:00,2025-01-17T02:32:13-08:00,0,3
style.css,69,css,c32b0733,seashello,2025-01-17,02:32:13,-08:00,2025-01-17T02:32:13-08:00,0,9
style.css,70,css,c32b0733,seashello,2025-01-17,02:32:13,-08:00,2025-01-17T02:32:13-08:00,0,0
style.css,71,css,9bd0a9aa,seashello,2025-02-07,02:15:54,-08:00,2025-02-07T02:15:54-08:00,0,16
style.css,72,css,c32b0733,seashello,2025-01-17,02:32:13,-08:00,2025-01-17T02:32:13-08:00,0,27
style.css,73,css,9bd0a9aa,seashello,2025-02-07,02:15:54,-08:00,2025-02-07T02:15:54-08:00,0,13
style.css,74,css,c32b0733,seashello,2025-01-17,02:32:13,-08:00,2025-01-17T02:32:13-08:00,0,8
style.css,75,css,c32b0733,seashello,2025-01-17,02:32:13,-08:00,2025-01-17T02:32:13-08:00,0,12
style.css,76,css,c32b0733,seashello,2025-01-17,02:32:13,-08:00,2025-01-17T02:32:13-08:00,0,0
style.css,77,css,9bd0a9aa,seashello,2025-02-07,02:15:54,-08:00,2025-02-07T02:15:54-08:00,0,13
style.css,78,css,c32b0733,seashello,2025-01-17,02:32:13,-08:00,2025-01-17T02:32:13-08:00,0,59
style.css,79,css,c32b0733,seashello,2025-01-17,02:32:13,-08:00,2025-01-17T02:32:13-08:00,0,0
style.css,80,css,9bd0a9aa,seashello,2025-02-07,02:15:54,-08:00,2025-02-07T02:15:54-08:00,0,2
style.css,81,css,9bd0a9aa,seashello,2025-02-07,02:15:54,-08:00,2025-02-07T02:15:54-08:00,0,2
style.css,82,css,9bd0a9aa,seashello,2025-02-07,02:15:54,-08:00,2025-02-07T02:15:54-08:00,0,2
style.css,83,css,9bd0a9aa,seashello,2025-02-07,02:15:54,-08:00,2025-02-07T02:15:54-08:00,0,2
style.css,84,css,9bd0a9aa,seashello,2025-02-07,02:15:54,-08:00,2025-02-07T02:15:54-08:00,0,2
style.css,85,css,9bd0a9aa,seashello,2025-02-07,02:15:54,-08:00,2025-02-07T02:15:54-08:00,0,3
style.css,86,css,c32b0733,seashello,2025-01-17,02:32:13,-08:00,2025-01-17T02:32:13-08:00,0,16
style.css,87,css,c32b0733,seashello,2025-01-17,02:32:13,-08:00,2025-01-17T02:32:13-08:00,0,18
style.css,88,css,26dc09c2,seashello,2025-01-17,19:31:18,-08:00,2025-01-17T19:31:18-08:00,0,0
style.css,89,css,26dc09c2,seashello,2025-01-17,19:31:18,-08:00,2025-01-17T19:31:18-08:00,0,8
style.css,90,css,26dc09c2,seashello,2025-01-17,19:31:18,-08:00,2025-01-17T19:31:18-08:00,0,8
style.css,91,css,26dc09c2,seashello,2025-01-17,19:31:18,-08:00,2025-01-17T19:31:18-08:00,0,14
style.css,92,css,26dc09c2,seashello,2025-01-17,19:31:18,-08:00,2025-01-17T19:31:18-08:00,0,0
style.css,93,css,26dc09c2,seashello,2025-01-17,19:31:18,-08:00,2025-01-17T19:31:18-08:00,0,14
style.css,94,css,26dc09c2,seashello,2025-01-17,19:31:18,-08:00,2025-01-17T19:31:18-08:00,0,27
style.css,95,css,9bd0a9aa,seashello,2025-02-07,02:15:54,-08:00,2025-02-07T02:15:54-08:00,0,0
style.css,96,css,26dc09c2,seashello,2025-01-17,19:31:18,-08:00,2025-01-17T19:31:18-08:00,0,4
style.css,97,css,26dc09c2,seashello,2025-01-17,19:31:18,-08:00,2025-01-17T19:31:18-08:00,0,18
style.css,98,css,9bd0a9aa,seashello,2025-02-07,02:15:54,-08:00,2025-02-07T02:15:54-08:00,0,12
style.css,99,css,9bd0a9aa,seashello,2025-02-07,02:15:54,-08:00,2025-02-07T02:15:54-08:00,0,13
style.css,100,css,26dc09c2,seashello,2025-01-17,19:31:18,-08:00,2025-01-17T19:31:18-08:00,0,17
style.css,101,css,9bd0a9aa,seashello,2025-02-07,02:15:54,-08:00,2025-02-07T02:15:54-08:00,0,11
style.css,102,css,26dc09c2,seashello,2025-01-17,19:31:18,-08:00,2025-01-17T19:31:18-08:00,0,0
style.css,103,css,26dc09c2,seashello,2025-01-17,19:31:18,-08:00,2025-01-17T19:31:18-08:00,0,10
style.css,104,css,26dc09c2,seashello,2025-01-17,19:31:18,-08:00,2025-01-17T19:31:18-08:00,0,13
style.css,105,css,26dc09c2,seashello,2025-01-17,19:31:18,-08:00,2025-01-17T19:31:18-08:00,0,31
style.css,106,css,26dc09c2,seashello,2025-01-17,19:31:18,-08:00,2025-01-17T19:31:18-08:00,0,9
style.css,107,css,26dc09c2,seashello,2025-01-17,19:31:18,-08:00,2025-01-17T19:31:18-08:00,0,0
style.css,108,css,9bd0a9aa,seashello,2025-02-07,02:15:54,-08:00,2025-02-07T02:15:54-08:00,0,3
style.css,109,css,26dc09c2,seashello,2025-01-17,19:31:18,-08:00,2025-01-17T19:31:18-08:00,0,32
style.css,110,css,26dc09c2,seashello,2025-01-17,19:31:18,-08:00,2025-01-17T19:31:18-08:00,0,0
style.css,111,css,6e2b22d5,seashello,2025-01-24,10:47:57,-08:00,2025-01-24T10:47:57-08:00,0,0
style.css,112,css,6e2b22d5,seashello,2025-01-24,10:47:57,-08:00,2025-01-24T10:47:57-08:00,0,0
style.css,113,css,6e2b22d5,seashello,2025-01-24,10:47:57,-08:00,2025-01-24T10:47:57-08:00,0,14
style.css,114,css,6e2b22d5,seashello,2025-01-24,10:47:57,-08:00,2025-01-24T10:47:57-08:00,0,18
style.css,115,css,6e2b22d5,seashello,2025-01-24,10:47:57,-08:00,2025-01-24T10:47:57-08:00,0,9
style.css,116,css,6e2b22d5,seashello,2025-01-24,10:47:57,-08:00,2025-01-24T10:47:57-08:00,0,11
style.css,117,css,79d9bb99,seashello,2025-02-05,11:23:05,-08:00,2025-02-05T11:23:05-08:00,0,0
style.css,118,css,79d9bb99,seashello,2025-02-05,11:23:05,-08:00,2025-02-05T11:23:05-08:00,0,0
style.css,119,css,79d9bb99,seashello,2025-02-05,11:23:05,-08:00,2025-02-05T11:23:05-08:00,0,18
style.css,120,css,79d9bb99,seashello,2025-02-05,11:23:05,-08:00,2025-02-05T11:23:05-08:00,0,13
style.css,121,css,79d9bb99,seashello,2025-02-05,11:23:05,-08:00,2025-02-05T11:23:05-08:00,0,37
style.css,122,css,79d9bb99,seashello,2025-02-05,11:23:05,-08:00,2025-02-05T11:23:05-08:00,0,0
style.css,123,css,79d9bb99,seashello,2025-02-05,11:23:05,-08:00,2025-02-05T11:23:05-08:00,0,0
style.css,124,css,79d9bb99,seashello,2025-02-05,11:23:05,-08:00,2025-02-05T11:23:05-08:00,0,18
style.css,125,css,79d9bb99,seashello,2025-02-05,11:23:05,-08:00,2025-02-05T11:23:05-08:00,0,11
style.css,126,css,79d9bb99,seashello,2025-02-05,11:23:05,-08:00,2025-02-05T11:23:05-08:00,0,48
style.css,127,css,9bd0a9aa,seashello,2025-02-07,02:15:54,-08:00,2025-02-07T02:15:54-08:00,0,17
style.css,128,css,79d9bb99,seashello,2025-02-05,11:23:05,-08:00,2025-02-05T11:23:05-08:00,0,0
style.css,129,css,79d9bb99,seashello,2025-02-05,11:23:05,-08:00,2025-02-05T11:23:05-08:00,0,0
style.css,130,css,79d9bb99,seashello,2025-02-05,11:23:05,-08:00,2025-02-05T11:23:05-08:00,0,18
style.css,131,css,79d9bb99,seashello,2025-02-05,11:23:05,-08:00,2025-02-05T11:23:05-08:00,0,11
style.css,132,css,9bd0a9aa,seashello,2025-02-07,02:15:54,-08:00,2025-02-07T02:15:54-08:00,0,0
style.css,133,css,9bd0a9aa,seashello,2025-02-07,02:15:54,-08:00,2025-02-07T02:15:54-08:00,0,0
style.css,134,css,9bd0a9aa,seashello,2025-02-07,02:15:54,-08:00,2025-02-07T02:15:54-08:00,0,15
style.css,135,css,9bd0a9aa,seashello,2025-02-07,02:15:54,-08:00,2025-02-07T02:15:54-08:00,0,15
style.css,136,css,9bd0a9aa,seashello,2025-02-07,02:15:54,-08:00,2025-02-07T02:15:54-08:00,0,17
style.css,137,css,9bd0a9aa,seashello,2025-02-07,02:15:54,-08:00,2025-02-07T02:15:54-08:00,0,0
style.css,138,css,9bd0a9aa,seashello,2025-02-07,02:15:54,-08:00,2025-02-07T02:15:54-08:00,0,17
style.css,139,css,9bd0a9aa,seashello,2025-02-07,02:15:54,-08:00,2025-02-07T02:15:54-08:00,0,0
style.css,140,css,9bd0a9aa,seashello,2025-02-07,02:15:54,-08:00,2025-02-07T02:15:54-08:00,0,0
style.css,141,css,9bd0a9aa,seashello,2025-02-07,02:15:54,-08:00,2025-02-07T02:15:54-08:00,0,8
style.css,142,css,9bd0a9aa,seashello,2025-02-07,02:15:54,-08:00,2025-02-07T02:15:54-08:00,0,13
style.css,143,css,9bd0a9aa,seashello,2025-02-07,02:15:54,-08:00,2025-02-07T02:15:54-08:00,0,22
style.css,144,css,9bd0a9aa,seashello,2025-02-07,02:15:54,-08:00,2025-02-07T02:15:54-08:00,0,10
style.css,145,css,9bd0a9aa,seashello,2025-02-07,02:15:54,-08:00,2025-02-07T02:15:54-08:00,0,58
style.css,146,css,9bd0a9aa,seashello,2025-02-07,02:15:54,-08:00,2025-02-07T02:15:54-08:00,0,62
style.css,147,css,9bd0a9aa,seashello,2025-02-07,02:15:54,-08:00,2025-02-07T02:15:54-08:00,0,12
style.css,148,css,9bd0a9aa,seashello,2025-02-07,02:15:54,-08:00,2025-02-07T02:15:54-08:00,0,19
style.css,149,css,9bd0a9aa,seashello,2025-02-07,02:15:54,-08:00,2025-02-07T02:15:54-08:00,0,7
style.css,150,css,9bd0a9aa,seashello,2025-02-07,02:15:54,-08:00,2025-02-07T02:15:54-08:00,0,0
style.css,151,css,9bd0a9aa,seashello,2025-02-07,02:15:54,-08:00,2025-02-07T02:15:54-08:00,0,0
style.css,152,css,9bd0a9aa,seashello,2025-02-07,02:15:54,-08:00,2025-02-07T02:15:54-08:00,0,11
style.css,153,css,9bd0a9aa,seashello,2025-02-07,02:15:54,-08:00,2025-02-07T02:15:54-08:00,0,13
style.css,154,css,9bd0a9aa,seashello,2025-02-07,02:15:54,-08:00,2025-02-07T02:15:54-08:00,0,19
style.css,155,css,9bd0a9aa,seashello,2025-02-07,02:15:54,-08:00,2025-02-07T02:15:54-08:00,0,10
style.css,156,css,9bd0a9aa,seashello,2025-02-07,02:15:54,-08:00,2025-02-07T02:15:54-08:00,0,0
style.css,157,css,9bd0a9aa,seashello,2025-02-07,02:15:54,-08:00,2025-02-07T02:15:54-08:00,0,0
style.css,158,css,9bd0a9aa,seashello,2025-02-07,02:15:54,-08:00,2025-02-07T02:15:54-08:00,0,16
style.css,159,css,9bd0a9aa,seashello,2025-02-07,02:15:54,-08:00,2025-02-07T02:15:54-08:00,0,42
style.css,160,css,9bd0a9aa,seashello,2025-02-07,02:15:54,-08:00,2025-02-07T02:15:54-08:00,0,43
style.css,161,css,9bd0a9aa,seashello,2025-02-07,02:15:54,-08:00,2025-02-07T02:15:54-08:00,0,19
style.css,162,css,9bd0a9aa,seashello,2025-02-07,02:15:54,-08:00,2025-02-07T02:15:54-08:00,0,71
style.css,163,css,9bd0a9aa,seashello,2025-02-07,02:15:54,-08:00,2025-02-07T02:15:54-08:00,0,61
style.css,164,css,9bd0a9aa,seashello,2025-02-07,02:15:54,-08:00,2025-02-07T02:15:54-08:00,0,19
style.css,165,css,9bd0a9aa,seashello,2025-02-07,02:15:54,-08:00,2025-02-07T02:15:54-08:00,0,0
style.css,166,css,9bd0a9aa,seashello,2025-02-07,02:15:54,-08:00,2025-02-07T02:15:54-08:00,0,0
style.css,167,css,9bd0a9aa,seashello,2025-02-07,02:15:54,-08:00,2025-02-07T02:15:54-08:00,0,44
style.css,168,css,9bd0a9aa,seashello,2025-02-07,02:15:54,-08:00,2025-02-07T02:15:54-08:00,0,23
style.css,169,css,9bd0a9aa,seashello,2025-02-07,02:15:54,-08:00,2025-02-07T02:15:54-08:00,0,18
style.css,170,css,9bd0a9aa,seashello,2025-02-07,02:15:54,-08:00,2025-02-07T02:15:54-08:00,0,0
style.css,171,css,9bd0a9aa,seashello,2025-02-07,02:15:54,-08:00,2025-02-07T02:15:54-08:00,0,0
style.css,172,css,9bd0a9aa,seashello,2025-02-07,02:15:54,-08:00,2025-02-07T02:15:54-08:00,0,11
style.css,173,css,9bd0a9aa,seashello,2025-02-07,02:15:54,-08:00,2025-02-07T02:15:54-08:00,0,13
style.css,174,css,9bd0a9aa,seashello,2025-02-07,02:15:54,-08:00,2025-02-07T02:15:54-08:00,0,8
style.css,175,css,9bd0a9aa,seashello,2025-02-07,02:15:54,-08:00,2025-02-07T02:15:54-08:00,0,19
style.css,176,css,9bd0a9aa,seashello,2025-02-07,02:15:54,-08:00,2025-02-07T02:15:54-08:00,0,0
style.css,177,css,9bd0a9aa,seashello,2025-02-07,02:15:54,-08:00,2025-02-07T02:15:54-08:00,0,0
style.css,178,css,9bd0a9aa,seashello,2025-02-07,02:15:54,-08:00,2025-02-07T02:15:54-08:00,0,15
style.css,179,css,9bd0a9aa,seashello,2025-02-07,02:15:54,-08:00,2025-02-07T02:15:54-08:00,0,18
style.css,180,css,9bd0a9aa,seashello,2025-02-07,02:15:54,-08:00,2025-02-07T02:15:54-08:00,0,17
style.css,181,css,9bd0a9aa,seashello,2025-02-07,02:15:54,-08:00,2025-02-07T02:15:54-08:00,0,12
style.css,182,css,9bd0a9aa,seashello,2025-02-07,02:15:54,-08:00,2025-02-07T02:15:54-08:00,0,0
style.css,183,css,9bd0a9aa,seashello,2025-02-07,02:15:54,-08:00,2025-02-07T02:15:54-08:00,0,0
style.css,184,css,9bd0a9aa,seashello,2025-02-07,02:15:54,-08:00,2025-02-07T02:15:54-08:00,0,0
style.css,185,css,9bd0a9aa,seashello,2025-02-07,02:15:54,-08:00,2025-02-07T02:15:54-08:00,0,0
style.css,186,css,9bd0a9aa,seashello,2025-02-07,02:15:54,-08:00,2025-02-07T02:15:54-08:00,0,5
style.css,187,css,9bd0a9aa,seashello,2025-02-07,02:15:54,-08:00,2025-02-07T02:15:54-08:00,0,17
style.css,188,css,9bd0a9aa,seashello,2025-02-07,02:15:54,-08:00,2025-02-07T02:15:54-08:00,0,15
style.css,189,css,9bd0a9aa,seashello,2025-02-07,02:15:54,-08:00,2025-02-07T02:15:54-08:00,0,0
style.css,190,css,9bd0a9aa,seashello,2025-02-07,02:15:54,-08:00,2025-02-07T02:15:54-08:00,0,0
style.css,191,css,9bd0a9aa,seashello,2025-02-07,02:15:54,-08:00,2025-02-07T02:15:54-08:00,0,10
style.css,192,css,9bd0a9aa,seashello,2025-02-07,02:15:54,-08:00,2025-02-07T02:15:54-08:00,0,36
style.css,193,css,9bd0a9aa,seashello,2025-02-07,02:15:54,-08:00,2025-02-07T02:15:54-08:00,0,0
style.css,194,css,9bd0a9aa,seashello,2025-02-07,02:15:54,-08:00,2025-02-07T02:15:54-08:00,0,11
style.css,195,css,9bd0a9aa,seashello,2025-02-07,02:15:54,-08:00,2025-02-07T02:15:54-08:00,0,18
style.css,196,css,9bd0a9aa,seashello,2025-02-07,02:15:54,-08:00,2025-02-07T02:15:54-08:00,0,35
style.css,197,css,9bd0a9aa,seashello,2025-02-07,02:15:54,-08:00,2025-02-07T02:15:54-08:00,0,17
style.css,198,css,9bd0a9aa,seashello,2025-02-07,02:15:54,-08:00,2025-02-07T02:15:54-08:00,0,0
style.css,199,css,9bd0a9aa,seashello,2025-02-07,02:15:54,-08:00,2025-02-07T02:15:54-08:00,0,0
index.js,1,js,79d9bb99,seashello,2025-02-05,11:23:05,-08:00,2025-02-05T11:23:05-08:00,0,73
index.js,2,js,79d9bb99,seashello,2025-02-05,11:23:05,-08:00,2025-02-05T11:23:05-08:00,0,56
index.js,3,js,79d9bb99,seashello,2025-02-05,11:23:05,-08:00,2025-02-05T11:23:05-08:00,0,43
index.js,4,js,79d9bb99,seashello,2025-02-05,11:23:05,-08:00,2025-02-05T11:23:05-08:00,0,61
index.js,5,js,79d9bb99,seashello,2025-02-05,11:23:05,-08:00,2025-02-05T11:23:05-08:00,0,55
index.js,6,js,79d9bb99,seashello,2025-02-05,11:23:05,-08:00,2025-02-05T11:23:05-08:00,0,0
index.js,7,js,79d9bb99,seashello,2025-02-05,11:23:05,-08:00,2025-02-05T11:23:05-08:00,0,53
index.js,8,js,79d9bb99,seashello,2025-02-05,11:23:05,-08:00,2025-02-05T11:23:05-08:00,0,61
index.js,9,js,79d9bb99,seashello,2025-02-05,11:23:05,-08:00,2025-02-05T11:23:05-08:00,0,18
index.js,10,js,79d9bb99,seashello,2025-02-05,11:23:05,-08:00,2025-02-05T11:23:05-08:00,0,25
index.js,11,js,79d9bb99,seashello,2025-02-05,11:23:05,-08:00,2025-02-05T11:23:05-08:00,0,3
index.js,12,js,79d9bb99,seashello,2025-02-05,11:23:05,-08:00,2025-02-05T11:23:05-08:00,0,56
index.js,13,js,79d9bb99,seashello,2025-02-05,11:23:05,-08:00,2025-02-05T11:23:05-08:00,0,56
index.js,14,js,79d9bb99,seashello,2025-02-05,11:23:05,-08:00,2025-02-05T11:23:05-08:00,0,50
index.js,15,js,79d9bb99,seashello,2025-02-05,11:23:05,-08:00,2025-02-05T11:23:05-08:00,0,50
index.js,16,js,79d9bb99,seashello,2025-02-05,11:23:05,-08:00,2025-02-05T11:23:05-08:00,0,4
index.js,17,js,79d9bb99,seashello,2025-02-05,11:23:05,-08:00,2025-02-05T11:23:05-08:00,0,1
index.js,18,js,79d9bb99,seashello,2025-02-05,11:23:05,-08:00,2025-02-05T11:23:05-08:00,0,0
